{
    "epoch": 400.0,
    "eval_META_TUNING/text2cypher_with_cell.cfg/exectuation accuracy": 0.2777777777777778,
    "eval_avr": 0.2777777777777778,
    "eval_loss": 0.7226536273956299,
    "eval_runtime": 12.4414,
    "eval_samples": 18,
    "eval_samples_per_second": 1.447,
    "predict_META_TUNING/text2cypher_with_cell.cfg/exectuation accuracy": 0.2777777777777778,
    "predict_avr": 0.2777777777777778,
    "predict_loss": 0.7226536273956299,
    "predict_runtime": 12.3541,
    "predict_samples": 18,
    "predict_samples_per_second": 1.457,
    "train_loss": 1.0952856385707854,
    "train_runtime": 746.0885,
    "train_samples": 15,
    "train_samples_per_second": 8.042,
    "train_steps_per_second": 0.536
}