{
    "epoch": 100.0,
    "eval_META_TUNING/text2cypher_with_cell.cfg/exectuation accuracy": 0.6720977596741344,
    "eval_avr": 0.6720977596741344,
    "eval_loss": 0.2491510510444641,
    "eval_runtime": 284.522,
    "eval_samples": 491,
    "eval_samples_per_second": 1.726,
    "predict_META_TUNING/text2cypher_with_cell.cfg/exectuation accuracy": 0.6720977596741344,
    "predict_avr": 0.6720977596741344,
    "predict_loss": 0.2491510510444641,
    "predict_runtime": 284.9429,
    "predict_samples": 491,
    "predict_samples_per_second": 1.723,
    "train_loss": 0.2333926733816513,
    "train_runtime": 78719.2698,
    "train_samples": 3175,
    "train_samples_per_second": 4.033,
    "train_steps_per_second": 0.252
}