{
    "epoch": 100.0,
    "eval_META_TUNING/text2cypher_with_cell.cfg/exectuation accuracy": 0.6720977596741344,
    "eval_avr": 0.6720977596741344,
    "eval_loss": 0.2491510510444641,
    "eval_runtime": 284.522,
    "eval_samples": 491,
    "eval_samples_per_second": 1.726
}