{
    "epoch": 400.0,
    "predict_META_TUNING/text2cypher_with_cell.cfg/exectuation accuracy": 0.2777777777777778,
    "predict_avr": 0.2777777777777778,
    "predict_loss": 0.7226536273956299,
    "predict_runtime": 12.3541,
    "predict_samples": 18,
    "predict_samples_per_second": 1.457
}