{
    "epoch": 100.0,
    "predict_META_TUNING/text2cypher_with_cell.cfg/exectuation accuracy": 0.6720977596741344,
    "predict_avr": 0.6720977596741344,
    "predict_loss": 0.2491510510444641,
    "predict_runtime": 284.9429,
    "predict_samples": 491,
    "predict_samples_per_second": 1.723
}