{
    "epoch": 52.52,
    "eval_META_TUNING/text2cypher_with_cell.cfg/exectuation accuracy": 0.6517311608961304,
    "eval_avr": 0.6517311608961304,
    "eval_loss": 0.19068388640880585,
    "eval_runtime": 264.0058,
    "eval_samples": 491,
    "eval_samples_per_second": 1.86,
    "predict_META_TUNING/text2cypher_with_cell.cfg/exectuation accuracy": 0.6517311608961304,
    "predict_avr": 0.6517311608961304,
    "predict_loss": 0.19068388640880585,
    "predict_runtime": 263.9415,
    "predict_samples": 491,
    "predict_samples_per_second": 1.86,
    "train_loss": 0.03411643025966791,
    "train_runtime": 43250.7699,
    "train_samples": 3175,
    "train_samples_per_second": 7.341,
    "train_steps_per_second": 0.458
}