{
    "epoch": 100.0,
    "eval_META_TUNING/text2cypher_with_cell.cfg/exectuation accuracy": 0.6435845213849287,
    "eval_avr": 0.6435845213849287,
    "eval_loss": 0.1751343309879303,
    "eval_runtime": 233.3219,
    "eval_samples": 491,
    "eval_samples_per_second": 2.104,
    "predict_META_TUNING/text2cypher_with_cell.cfg/exectuation accuracy": 0.6435845213849287,
    "predict_avr": 0.6435845213849287,
    "predict_loss": 0.1751343309879303,
    "predict_runtime": 232.5401,
    "predict_samples": 491,
    "predict_samples_per_second": 2.111,
    "train_loss": 0.005954864949806396,
    "train_runtime": 101762.6481,
    "train_samples": 3175,
    "train_samples_per_second": 3.12,
    "train_steps_per_second": 0.195
}