{
    "epoch": 12.2,
    "eval_META_TUNING/spider_with_cell.cfg/exact_match": 0.6283687943262412,
    "eval_META_TUNING/spider_with_cell.cfg/exec": 0.6680851063829787,
    "eval_avr": 0.6482269503546099,
    "eval_loss": 0.2974526584148407,
    "eval_runtime": 400.0194,
    "eval_samples": 705,
    "eval_samples_per_second": 1.762
}