{
    "epoch": 12.2,
    "predict_META_TUNING/spider_with_cell.cfg/exact_match": 0.6283687943262412,
    "predict_META_TUNING/spider_with_cell.cfg/exec": 0.6680851063829787,
    "predict_avr": 0.6482269503546099,
    "predict_loss": 0.2974526584148407,
    "predict_runtime": 388.7504,
    "predict_samples": 705,
    "predict_samples_per_second": 1.814
}