{
    "epoch": 100.0,
    "eval_META_TUNING/text2cypher_with_cell.cfg/exectuation accuracy": 0.639511201629328,
    "eval_avr": 0.639511201629328,
    "eval_loss": 0.16456419229507446,
    "eval_runtime": 241.3762,
    "eval_samples": 491,
    "eval_samples_per_second": 2.034,
    "predict_META_TUNING/text2cypher_with_cell.cfg/exectuation accuracy": 0.639511201629328,
    "predict_avr": 0.639511201629328,
    "predict_loss": 0.16456419229507446,
    "predict_runtime": 241.4111,
    "predict_samples": 491,
    "predict_samples_per_second": 2.034,
    "train_loss": 0.04040137707585036,
    "train_runtime": 76834.1687,
    "train_samples": 3175,
    "train_samples_per_second": 4.132,
    "train_steps_per_second": 0.258
}