{
    "epoch": 30.3,
    "eval_META_TUNING/text2cypher_with_cell.cfg/exectuation accuracy": 0.6293279022403259,
    "eval_avr": 0.6293279022403259,
    "eval_loss": 0.1505085974931717,
    "eval_runtime": 371.6098,
    "eval_samples": 491,
    "eval_samples_per_second": 1.321,
    "predict_META_TUNING/text2cypher_with_cell.cfg/exectuation accuracy": 0.6293279022403259,
    "predict_avr": 0.6293279022403259,
    "predict_loss": 0.1505085974931717,
    "predict_runtime": 370.3926,
    "predict_samples": 491,
    "predict_samples_per_second": 1.326,
    "train_loss": 0.07210241901874542,
    "train_runtime": 32509.8636,
    "train_samples": 3175,
    "train_samples_per_second": 9.766,
    "train_steps_per_second": 0.609
}