{
    "epoch": 30.3,
    "predict_META_TUNING/text2cypher_with_cell.cfg/exectuation accuracy": 0.6293279022403259,
    "predict_avr": 0.6293279022403259,
    "predict_loss": 0.1505085974931717,
    "predict_runtime": 370.3926,
    "predict_samples": 491,
    "predict_samples_per_second": 1.326
}